symbol,date,open,high,low,close,volume,fut_oi,fut_oi_change,call_oi,put_oi,call_oi_change,put_oi_change,pcr_oi,total_oi,returns,log_returns,sma_3,ema_3,sma_5,ema_5,sma_10,ema_10,volatility_5,volatility_10,rsi_7,macd,macd_signal,bb_mid,bb_upper,bb_lower,bb_width,oi_change_ratio,pcr_oi_ma5,oi_trend,price_change,oi_change_pct,range_pct,future_return,label,label_binary
BANKNIFTY,2024-01-01,48580.0,48869.0,48389.4,48535.7,120422000,2052195,-25530,53724930,46532235,13520115,12961905,0.8661199744699528,102309360,0.0,0.0,48535.7,48535.7,48535.7,48535.7,48535.7,48535.7,0.0,0.0,0.0,0.0,0.0,0.0,0.0,0.0,0.0,-0.012440338271947841,0.8661199744699528,0.0,0.0,-0.012440338271947841,0.009881386278553695,-0.012136427413223627,-1,0.0
BANKNIFTY,2024-01-02,48375.0,48489.95,47877.45,47946.65,178046000,2283615,231420,90830475,50634735,37105545,4102500,0.5574641660742168,143748825,-0.012136427413223627,-0.012210675195141064,48241.175,48143.0,48241.175,48182.270000000004,48241.175,48211.7225,0.0,0.0,0.0,0.0,0.0,0.0,0.0,0.0,0.0,0.10133932383523492,0.7117920702720848,0.0,-0.012136427413223627,0.10133932383523492,0.012774615119095912,-0.00030659076285843856,0,0.0
BANKNIFTY,2024-01-03,47849.85,48086.85,47763.75,47931.95,172345000,1998315,-285300,89801535,81658545,-1028940,31023810,0.9093223740551873,173458395,-0.00030659076285843856,-0.0003066377714148786,48138.1,48022.4,48138.1,48063.697368421046,48138.1,48099.25581395349,0.008364957715802377,0.0,0.0,0.0,0.0,48138.1,48826.92027409187,47449.27972590813,0.028618506924530523,-0.14277028396423988,0.7776355048664523,0.0,-0.00030659076285843856,-0.14277028396423988,0.006740806497544927,0.011887686605698278,1,1.0
BANKNIFTY,2024-01-04,48062.3,48581.3,47995.65,48501.75,154623000,2046465,48150,37491045,43931910,13446915,21070965,1.1717974252251437,83469420,0.011887686605698278,0.011817583091436037,48126.78333333333,48278.05333333334,48229.0125,48245.657692307694,48229.0125,48231.85971534654,0.012012517707997895,0.012012517707997895,48.55353414852384,0.0,0.0,48229.0125,48898.75640814699,47559.268591853004,0.0277734862660517,0.023528376981771005,0.8761759849561251,-5730.0,0.011887686605698278,0.023528376981771005,0.01207482204250365,-0.0023359981856325707,0,0.0
BANKNIFTY,2024-01-05,48502.05,48625.0,47982.0,48388.45,176646000,1900095,-146370,54289470,41901735,16798425,-2030175,0.7718206679858912,98091300,-0.0023359981856325707,-0.0023387308859456725,48274.049999999996,48335.032258064515,48260.9,48300.473696682464,48260.9,48276.81252720536,0.009866963424671013,0.009866963424671013,44.27866495706572,13.173952193792502,0.0,48260.9,48858.1888162355,47663.6111837645,0.024752493891970564,-0.07703299045574037,0.8553049215620783,-383520.0,-0.0023359981856325707,-0.07703299045574037,0.01328829503734879,-0.015842623601293293,-1,0.0
BANKNIFTY,2024-01-08,48490.0,48490.0,47567.0,47621.85,192242000,2363010,462915,78186000,44766345,23896530,2864610,0.5725621594658891,125315355,-0.015842623601293293,-0.01596945935364119,48170.68333333333,47972.780952380956,48078.12999999999,48052.495413533834,48154.39166666666,48106.69613529337,0.010896758342557404,0.010896758342557404,27.748423385035025,-33.38629951162875,-14.762198829460248,48154.39166666666,48901.15785876876,47407.625474564564,0.03101549687394448,0.19590056749654042,0.7965933585612656,364695.0,-0.015842623601293293,0.19590056749654042,0.019381859377575632,-0.00483706533870476,0,0.0
BANKNIFTY,2024-01-09,47811.1,48146.9,47341.05,47391.5,196049000,2262480,-100530,89789070,49637145,11603070,4870800,0.5528194578694267,141688695,-0.00483706533870476,-0.004848801801236004,47800.6,47679.851968503935,47967.1,47818.46644001942,48045.40714285714,47934.362596807376,0.009938610646824664,0.009756515278309195,24.94964532796226,-76.33995433073142,-43.93060933006237,48045.40714285714,48938.31810973004,47152.49617598424,0.03716946197241864,-0.04443354195396203,0.7956644169203075,216015.0,-0.00483706533870476,-0.04443354195396203,0.017004104111496755,0.004544063808910925,0,1.0
BANKNIFTY,2024-01-10,47280.0,47666.0,47201.0,47606.85,152100000,2185575,-76905,94048005,90005805,4258935,40368660,0.9570198219515661,186239385,0.004544063808910925,0.004533770720814853,47540.06666666667,47643.20784313726,47902.08,47745.06356066614,47990.5875,47859.85190266121,0.010405993169782475,0.00946464851677853,31.416681671768444,-84.67279303045507,-60.85428563637933,47990.5875,48873.51309587835,47107.661904121655,0.036795781917791565,-0.03518753646065681,0.8052039064995833,285480.0,0.004544063808910925,-0.03518753646065681,0.009767501945623371,-0.0006963283645106122,0,0.0
BANKNIFTY,2024-01-11,47767.4,47822.65,47340.55,47573.7,112409000,2275950,90375,40026405,33751140,15986670,10560555,0.843221868164278,76053495,-0.0006963283645106122,-0.0006965709137086836,47524.01666666666,47608.38590998043,47716.47,47686.4168379323,47944.26666666666,47797.59526231824,0.0075414542023788935,0.008791669543922962,40.403962434066564,-90.1782328138579,-72.11134592725972,47944.26666666666,48815.676565910406,47072.85676742292,0.036350953297595946,0.03970869307322217,0.7394887950874102,-87060.0,-0.0006963283645106122,0.03970869307322217,0.010133750370477776,0.005600783626247274,1,1.0
BANKNIFTY,2024-01-12,47656.8,48047.0,47568.6,47840.15,155583000,2013795,-262155,41083200,43854915,1056795,10103775,1.0674658984694474,86951910,0.005600783626247274,0.005585157555974948,47673.56666666667,47724.381231671556,47606.81,47738.56556398105,47933.854999999996,47806.53414731785,0.008684184686184258,0.008652227917699049,47.908883826879375,-69.62741095240199,-71.20368247028165,47933.854999999996,48758.06281555516,47109.64718444483,0.03438938159908751,-0.13017958630347182,0.7986178411841214,-248685.0,0.005600783626247274,-0.13017958630347182,0.00999996864558329,0.009742862428316013,1,1.0
BANKNIFTY,2024-01-15,48002.25,48380.0,47933.2,48306.25,131903000,2027040,13245,46582770,58226010,5499570,14371095,1.2499473517783506,106835820,0.009742862428316013,0.009695706784078325,47906.69999999999,48015.45774303859,47743.69,47930.00696720142,47910.909999999996,47908.61984860233,0.005692395304723943,0.008907264106035874,45.32587385836561,-14.970717653130123,-51.29409949228094,47910.909999999996,48670.92829773294,47150.89170226705,0.031726314433724846,0.006534158181387639,0.9340948796466136,-158535.0,0.009742862428316013,0.006534158181387639,0.009249320740069927,-0.0016830120326045694,0,0.0
BANKNIFTY,2024-01-16,48255.35,48440.0,48078.85,48224.95,132841000,2017230,-9810,65163075,59735385,18580305,1509375,0.9167060486326036,126915690,-0.0016830120326045694,-0.001684429888424437,48123.78333333333,48120.22945054945,47910.380000000005,48029.084939745335,47938.740000000005,47971.82203390316,0.004715651170400344,0.007943011518820117,46.030204438401405,14.795692696738115,-28.369694176280206,47938.740000000005,48724.51951784624,47152.96048215377,0.03278265210333992,-0.00486310435597329,1.0068721977992492,-258720.0,-0.0016830120326045694,-0.00486310435597329,0.007488862093169645,-0.04283467375290173,-1,0.0
BANKNIFTY,2024-01-17,47015.2,47600.0,46050.7,46159.25,396435000,2415600,398370,105483180,67263150,40320105,7527765,0.637667066920053,175161930,-0.04283467375290173,-0.043779147750395236,47563.48333333334,47139.620021975345,47620.86,47402.58753807221,47761.47,47616.06987838392,0.021130375326199217,0.015893169776020205,28.2247498808957,-149.95978203254344,-69.98215917158264,47761.47,49134.47211070485,46388.46788929515,0.057494131177488986,0.16491554893194238,0.9430016467929466,401805.0,-0.04283467375290173,0.16491554893194238,0.03356423685393508,-0.006282597745847274,-1,0.0
BANKNIFTY,2024-01-18,45699.95,46358.4,45600.0,45869.25,266916000,2209785,-205815,54622950,36852660,17963595,12698535,0.6746735575431206,93685395,-0.006282597745847274,-0.006302416314734549,46751.15,46504.396240004884,47279.969999999994,46889.71819792367,47498.22,47278.10677734336,0.02092827248453973,0.014929451173917693,27.732186480595686,-284.0178964290899,-142.5864748362016,47498.22,49208.45451491308,45787.98548508692,0.0720125728885452,-0.09313802021463627,0.9092919846687151,182745.0,-0.006282597745847274,-0.09313802021463627,0.016533952484507626,-0.0015707690882236225,0,0.0
BANKNIFTY,2024-01-19,46155.55,46337.85,45584.35,45797.2,210245000,2174565,-35220,70894545,42155415,16271595,5302755,0.5946214197439309,115224525,-0.0015707690882236225,-0.001572004039372696,45941.9,46150.78732871487,46871.38,46524.711915670836,47239.094999999994,46994.891696471255,0.020069074489651288,0.014949204908805778,22.36964653790369,-374.55809823601885,-220.81474792819986,47239.094999999994,49125.95384147877,45352.23615852122,0.0798854779702606,-0.016196342716819224,0.8147230889236118,157335.0,-0.0015707690882236225,-0.016196342716819224,0.01645297092398662,-0.01930576541797302,-1,0.0
BANKNIFTY,2024-01-23,46506.05,46525.5,44835.25,44913.05,247350000,1917900,-22575,94610730,48600765,31802535,5032170,0.5136918930865453,145129395,-0.01930576541797302,-0.019494555481507157,45526.5,45531.90922102694,46192.740000000005,45986.672144468575,46968.215000000004,46600.46909760859,0.017498424818824767,0.015255339855340149,17.755559595225193,-510.9953454022034,-318.29291175022774,46968.215000000004,49329.07697584695,44607.35302415306,0.1005301979582125,-0.011770686688565618,0.6674719971852507,-497700.0,-0.01930576541797302,-0.011770686688565618,0.037633828029937845,0.005339205420250792,1,1.0
BANKNIFTY,2024-01-24,44500.0,45550.0,44499.85,45152.85,305763000,1584030,-333870,97840065,58804590,3229335,10203825,0.6010277078209219,158228685,0.005339205420250792,0.0053250023958044766,45287.700000000004,45342.378164506255,45578.31999999999,45708.449044543304,46744.35,46328.28493192812,0.018986336159343156,0.01565584261413453,17.2208533580541,-568.1213832612484,-401.999171024076,46744.35,49339.728830408625,44148.97116959137,0.1110456699219746,-0.21077252324766577,0.6043363290229143,-625755.0,0.005339205420250792,-0.21077252324766577,0.023257668120617005,-0.008401463030572764,-1,0.0
BANKNIFTY,2024-01-25,45096.9,45138.8,44404.0,44773.5,187405000,1098090,-485940,100627545,72613290,2787480,13808700,0.7216045069965684,174338925,-0.008401463030572764,-0.008436954246325555,44946.46666666667,45057.9379972,45301.17,45396.58834576638,46461.015,46037.75362598864,0.009097748936818667,0.015337171657997082,5.976547409871927,-630.2679525040003,-478.35030469638383,46461.015,49249.36669272695,43672.66330727305,0.12002973644579018,-0.4425320328934787,0.6211238170382174,-1076475.0,-0.008401463030572764,-0.4425320328934787,0.01641149340569763,0.036622109060046704,1,1.0
BANKNIFTY,2024-01-29,46194.65,46650.0,46135.0,46413.2,1608000,9615,9615,51927030,44197470,21247815,22381365,0.851145732771545,96134115,0.036622109060046704,0.03596745498519417,45446.51666666666,45735.57029108102,45409.96,45735.61182829391,46344.965000000004,46107.558416748376,0.02111443319002428,0.02045861142689905,33.7387245882511,-493.5584461460385,-483.43128841003136,46344.965000000004,49021.86859725559,43668.06140274442,0.11552079485897061,1.0,0.6564182520839024,-1908285.0,0.036622109060046704,1.0,0.0110959813156602,-0.0017893616471175156,0,0.0
BANKNIFTY,2024-01-30,46500.0,46597.3,46100.0,46330.15,1326000,12105,2490,73726620,53381460,21799590,9183990,0.7240459416151181,127120185,-0.0017893616471175156,-0.0017909644669712318,45838.94999999999,46032.86042905848,45516.55,45933.85083501342,46193.965000000004,46148.774453222766,0.021125287514378772,0.020275066837517043,52.3814832362532,-395.56225650545093,-454.0969513744457,46193.965000000004,48657.90134975958,43730.02865024043,0.10667784632731037,0.2057001239157373,0.6823031564581398,-1571925.0,-0.0017893616471175156,0.2057001239157373,0.010733830993424431,0.014020027994729123,1,1.0
NIFTY,2024-01-01,21849.8,22025.0,21811.2,21888.9,109309000,12621600,-168750,141497825,160731175,22149350,27625600,1.135926824316911,314850600,0.0,0.0,21888.9,21888.9,21888.9,21888.9,21888.9,21888.9,0.0,0.0,0.0,0.0,0.0,0.0,0.0,0.0,0.0,-0.013369937250427838,1.135926824316911,0.0,0.0,-0.013369937250427838,0.009767507732229544,-0.00603730658004753,-1,0.0
NIFTY,2024-01-02,21820.0,21869.95,21674.0,21756.75,167847000,11836050,-785550,174991175,161531425,33493350,800250,0.9230832640560303,348358650,-0.00603730658004753,-0.006055604800569104,21822.825,21800.8,21822.825,21809.610000000004,21822.825,21816.2175,0.0,0.0,0.0,0.0,0.0,0.0,0.0,0.0,0.0,-0.06636927015347181,1.0295050441864706,0.0,-0.00603730658004753,-0.06636927015347181,0.009006400312546714,-0.0072046606225654175,-1,0.0
NIFTY,2024-01-03,21729.9,21729.9,21579.0,21600.0,135616000,11837550,1500,236011625,180611325,61020450,19079900,0.7652645288129345,428460500,-0.0072046606225654175,-0.0072307395251651795,21748.55,21686.057142857142,21748.55,21710.321052631578,21748.55,21729.29950166113,0.0008254439595099276,0.0,0.0,0.0,0.0,21748.55,22037.798906653075,21459.301093346923,0.026599373903370672,0.0001267154098609932,0.9414248723952919,0.0,-0.0072046606225654175,0.0001267154098609932,0.006986111111111178,0.008608796296296406,1,1.0
NIFTY,2024-01-04,21640.0,21810.0,21616.1,21785.95,121774000,11625050,-212500,265231475,264716175,29219850,84104850,0.9980571687428877,541572700,0.008608796296296406,0.008571951915632717,21714.233333333334,21739.333333333332,21757.9,21741.736153846152,21757.9,21747.963316831683,0.008812268575209335,0.008812268575209335,39.159734653048304,0.0,0.0,21757.9,21997.01373862662,21518.78626137338,0.02197948686469007,-0.018279491271005286,0.9555829464821909,-996550.0,0.008608796296296406,-0.018279491271005286,0.008900231571265033,0.0003626190274006458,0,1.0
NIFTY,2024-01-05,21779.8,21831.0,21677.0,21793.85,135030000,11861300,236250,123407925,133596525,37120900,28154850,1.0825603380009834,268865750,0.0003626190274006458,0.00036255329701070926,21726.600000000002,21767.470967741934,21765.09,21761.74194312796,21765.09,21761.13613556597,0.00725809130833448,0.00725809130833448,40.15535991714108,-1.2722254383188556,0.0,21765.09,21974.65015126927,21555.52984873073,0.01925653891339481,0.019917715596098236,0.9809784247859493,25250.0,0.0003626190274006458,0.019917715596098236,0.007066213633662708,-0.009833049231778634,-1,0.0
NIFTY,2024-01-08,21789.5,21810.9,21562.75,21579.55,145034000,11760350,-100950,158449675,133495825,35041750,-100700,0.8425124570309154,303705850,-0.009833049231778634,-0.009881712931527937,21719.783333333333,21672.019047619047,21703.219999999998,21695.166541353385,21734.166666666668,21713.971943844143,0.007407860959728105,0.007407860959728105,27.81005666738379,-12.986294790371176,-8.300667049550247,21734.166666666668,21975.16962653784,21493.163706795494,0.022177336133231716,-0.008583928199415834,0.9222955513287502,-77200.0,-0.009833049231778634,-0.008583928199415834,0.011499313006990482,0.0017284883141677199,0,1.0
NIFTY,2024-01-09,21680.2,21807.8,21592.4,21616.85,158139000,11713500,-46850,163555425,143930425,5105750,10434600,0.8800100944374055,319199350,0.0017284883141677199,0.0017269961973984426,21663.416666666664,21644.217322834644,21675.24,21667.43814958718,21717.407142857144,21690.56945686002,0.007378905278491052,0.006881158302451598,31.476816232041713,-16.929929591336986,-12.388212464080807,21717.407142857144,21954.613188512052,21480.201097202236,0.021844785069835098,-0.0039996585136807955,0.9136809174050253,88450.0,0.0017284883141677199,-0.0039996585136807955,0.009964449029345063,0.004267504284851897,0,1.0
NIFTY,2024-01-10,21579.8,21737.0,21501.0,21709.1,139789000,11488300,-225200,186240175,197661125,22684750,53730700,1.0613237718446087,395389600,0.004267504284851897,0.0042584243118246245,21635.166666666664,21676.78588235294,21697.06,21681.88929421094,21716.36875,21694.785244728104,0.006834812730879018,0.006721814237284466,39.12412291313797,-12.004405746090924,-12.228785058146547,21716.36875,21936.05741891581,21496.680081084192,0.02023254177020816,-0.019602552161764576,0.9728927660113602,-373000.0,0.004267504284851897,-0.019602552161764576,0.010871017223192118,-0.0014118503300458718,0,0.0
NIFTY,2024-01-11,21758.1,21773.8,21627.0,21678.45,113071000,11717550,229250,288486575,246805525,102246400,49144400,0.8555182333874636,547009650,-0.0014118503300458718,-0.0014128479298080236,21668.13333333333,21677.619569471623,21675.559999999998,21680.71224505764,21712.155555555553,21691.231267115185,0.005367442915951093,0.006223836699112813,44.60074472486555,-10.920570446596685,-11.726579448973379,21712.155555555553,21919.20448361632,21505.106627494788,0.019072166974023644,0.019564670088883768,0.9443849789402753,-42800.0,-0.0014118503300458718,0.019564670088883768,0.006771701851377717,0.012387878284655818,1,1.0
NIFTY,2024-01-12,21745.0,21995.0,21731.0,21947.0,150912000,11930100,212550,125055975,179302675,35041000,76386000,1.4337793536054555,316288750,0.012387878284655818,0.012311776370071656,21778.183333333334,21812.44144672532,21706.19,21771.04127358897,21735.64,21744.95706626952,0.008110918402238458,0.007374159612554178,70.73127016369952,11.905789129588811,-3.090992133799528,21735.64,21980.929161784392,21490.350838215607,0.02257022675977266,0.017816279830009808,1.0146287820611697,216600.0,0.012387878284655818,0.017816279830009808,0.012028978903722605,0.008488631703649663,1,1.0
NIFTY,2024-01-15,22050.2,22149.9,21995.0,22133.3,103458000,12384650,454550,135535125,205752075,10479150,26449400,1.5180719758070094,353671850,0.008488631703649663,0.008452805868326469,21919.583333333332,21972.949096238397,21816.94,21893.20653744453,21760.079999999998,21824.29067258992,0.005455731388877391,0.007416937451247842,70.74350552403712,42.31763284405679,12.98617523329967,21760.079999999998,22102.649993496867,21417.51000650313,0.031486096879870744,0.03670269244589068,1.1497406858163886,896350.0,0.008488631703649663,0.03670269244589068,0.00699850451582012,-0.004689766099045256,0,0.0
NIFTY,2024-01-16,22089.9,22138.0,21964.7,22029.5,103215000,12209500,-175150,163959425,199299875,28424300,-6452200,1.2155438761754622,375468800,-0.004689766099045256,-0.004700797555557288,22036.600000000002,22001.23145299145,21899.47,21938.990565000142,21787.355,21865.291120631704,0.006985567867123396,0.007283169959693324,62.6265873653755,52.45515029232047,26.676682521813305,21787.355,22169.85190906522,21404.85809093478,0.03511182601699191,-0.014345386788975798,1.2168474421639996,491950.0,-0.004689766099045256,-0.014345386788975798,0.007866724165323738,-0.01997094804693711,-1,0.0
NIFTY,2024-01-17,21743.7,21854.75,21563.3,21589.55,229664000,11165700,-1043800,246508875,172405975,82549450,-26893900,0.6993905391844412,430080550,-0.01997094804693711,-0.02017306290685516,21917.45,21795.365596386277,21875.56,21821.908783417006,21786.31,21811.1716174091,0.012678156347232062,0.00966363744127881,50.4314808422506,18.63060040815617,23.92302623118139,21786.31,22171.131888959328,21401.488111040675,0.03532694512832382,-0.09348271939958981,1.1444607956319663,-764400.0,-0.01997094804693711,-0.09348271939958981,0.013499586605556889,-0.0028763915875966717,0,0.0
NIFTY,2024-01-18,21461.95,21574.0,21316.8,21527.45,227826000,11089750,-75950,280598925,266732375,34090050,94326400,0.9505823124589661,558421050,-0.0028763915875966717,-0.0028805363517638446,21715.5,21661.399621558932,21845.36,21723.41847831309,21760.46,21756.279044432125,0.01270580566101255,0.00919723739092986,46.223386279148436,-10.403407123780198,12.278955783517299,21760.46,22178.66988298009,21342.250117019907,0.03843759580267076,-0.0068486665614644155,1.163473611446267,-1294900.0,-0.0028763915875966717,-0.0068486665614644155,0.011947536749591833,0.0067216507296499195,1,1.0
NIFTY,2024-01-19,21627.0,21708.0,21579.3,21672.15,125832000,11172000,82250,136215075,130553275,24559350,26124950,0.9584348501808628,277940350,0.0067216507296499195,0.006699161157170324,21596.383333333335,21666.77497482223,21790.390000000003,21706.289869653403,21748.29,21740.18983848948,0.011357306488762632,0.009527698498220492,48.5053193641035,-16.341524038565694,2.6272118385822707,21748.29,22169.255326627055,21327.324673372947,0.03871249892539177,0.0073621553884711775,1.0684047107613484,-1037500.0,0.0067216507296499195,0.0073621553884711775,0.005938497103425397,-0.022051342391041118,-1,0.0
NIFTY,2024-01-23,21760.2,21783.0,21153.2,21194.25,252641000,7888100,-3449500,197589075,145884675,40835700,10669150,0.7383235889939765,351361850,-0.022051342391041118,-0.02229810765770578,21464.61666666667,21430.508882276645,21602.579999999998,21535.349667098526,21709.760000000002,21636.756897221818,0.012176166540833543,0.011445329877624777,35.61753698093028,-65.50378173114586,-20.259515290520362,21709.760000000002,22252.33332899188,21167.186671008123,0.04998427702488456,-0.4373042938096627,0.9124550333987418,-3277600.0,-0.022051342391041118,-0.4373042938096627,0.029715606827323413,0.013369192115786133,1,1.0
NIFTY,2024-01-24,21160.0,21505.0,21141.0,21477.6,213430000,5285350,-2602750,196908825,180641975,-680250,34757300,0.9173889235284401,382836150,0.013369192115786133,0.013280613080284963,21448.0,21454.05462077805,21492.2,21516.08022036292,21695.835,21606.83190704023,0.015765501935462285,0.012390324036301267,36.178670278546555,-70.00826224295815,-36.92807786772898,21695.835,22255.87270914704,21135.79729085296,0.05162628763972809,-0.49244610101506997,0.8528240428693374,-5804400.0,0.013369192115786133,-0.49244610101506997,0.016947889894587852,-0.007084124855663454,-1,0.0
NIFTY,2024-01-25,21455.0,21474.15,21243.0,21325.45,145154000,2964250,-2321100,224822275,181043925,27913450,401950,0.8052757450301578,408830450,-0.007084124855663454,-0.007109336406556074,21332.433333333334,21389.752065094242,21439.379999999997,21452.493788484786,21657.47,21554.252124948594,0.013603436300266177,0.012417188001942333,25.72493163857088,-86.299855297857,-53.44190491743731,21657.47,22264.0946820637,21050.845317936302,0.056019902792311276,-0.7830311208568778,0.8740010840384806,-8207750.0,-0.007084124855663454,-0.7830311208568778,0.010839161658956854,0.03752793024297252,1,1.0
NIFTY,2024-01-29,21717.15,22150.0,21717.15,22125.75,2902000,89700,89700,106135525,127928875,26298200,45261500,1.2053351128191998,234154100,0.03752793024297252,0.036840893476478426,21642.933333333334,21757.751734450787,21559.04,21677.01380506206,21702.2,21660.507751181878,0.022396697404778,0.017561661495750558,52.03880615984241,-15.500066192882514,-40.7656771703789,21702.2,22377.748716887898,21026.651283112104,0.062256242859055504,1.0,0.9249516441105274,-7798400.0,0.03752793024297252,1.0,0.019563178649311258,-0.009665209088957405,-1,0.0
NIFTY,2024-01-30,22198.95,22200.0,21890.0,21911.9,2684000,122050,32350,148478925,121640725,42343400,-6288150,0.8192457279711582,270241700,-0.009665209088957405,-0.009712220383563073,21787.7,21834.825940729086,21606.989999999998,21755.3327561279,21698.69,21707.05664555294,0.023386314576174093,0.017522309871152095,57.55147937311132,11.984574281115783,-23.15544952532649,21698.69,22368.929593644603,21028.450406355394,0.0617769638300381,0.26505530520278575,0.8971138196685864,-5163300.0,-0.009665209088957405,0.26505530520278575,0.01414756365262711,0.007819951715734241,1,1.0
